<?xml version="1.0" encoding="UTF-8" ?>
<!DOCTYPE mapper
 PUBLIC "-//mybatis.org//DTD Mapper 3.0//EN"
 "http://mybatis.org/dtd/mybatis-3-mapper.dtd">
<mapper namespace="com.atguigu.mybatis.dao.EmployeeMapper">
<!-- 
namespace:名称空间;指定为接口的全类名
id：唯一标识
resultType：返回值类型
#{id}：从传递过来的参数中取出id值

public Employee getEmpById(Integer id);
 -->
 	
	<select id="getEmpById" resultType="com.atguigu.mybatis.bean.Employee">
		select id,last_name lastName,email,gender,empStatus from tbl_employee where id = #{id}
	</select>
	
	<!--public List<Employee> getEmps();  -->
	<select id="getEmps" resultType="com.atguigu.mybatis.bean.Employee">
		select id,last_name lastName,email,gender from tbl_employee
	</select>
	
	<!--public Long addEmp(Employee employee);  -->
	<insert id="addEmp" useGeneratedKeys="true" keyProperty="id">
		insert into tbl_employee(last_name,email,gender,empStatus) 
		values(#{lastName},#{email},#{gender},#{empStatus})
	</insert>
	
	
	<!-- public void getPageByProcedure(); 
	1、使用select标签定义调用存储过程
	2、statementType="CALLABLE":表示要调用存储过程
	3、{call procedure_name(params)}
	-->
	<select id="getPageByProcedure" statementType="CALLABLE" databaseId="oracle">
		{call hello_test(
			#{start,mode=IN,jdbcType=INTEGER},
			#{end,mode=IN,jdbcType=INTEGER},
			#{count,mode=OUT,jdbcType=INTEGER},
			#{emps,mode=OUT,jdbcType=CURSOR,javaType=ResultSet,resultMap=PageEmp}
		)}
	</select>
	<resultMap type="com.atguigu.mybatis.bean.Employee" id="PageEmp">
		<id column="EMPLOYEE_ID" property="id"/>
		<result column="LAST_NAME" property="email"/>
		<result column="EMAIL" property="email"/>
	</resultMap>

</mapper>