<?xml version="1.0" encoding="UTF-8" ?>
<!DOCTYPE configuration
 PUBLIC "-//mybatis.org//DTD Config 3.0//EN"
 "http://mybatis.org/dtd/mybatis-3-config.dtd">
<configuration>
	<environments default="development">
		<environment id="development">
			<transactionManager type="JDBC" />
			<dataSource type="POOLED">
				<property name="driver" value="com.mysql.jdbc.Driver" />
				<property name="url" value="jdbc:mysql://localhost:3306/mybatis" />
				<property name="username" value="root" />
				<property name="password" value="123456" />
			</dataSource>
		</environment>
	</environments>
	<!-- 将我们写好的sql映射文件（EmployeeMapper.xml）一定要注册到全局配置文件（mybatis-config.xml）中 -->
	<mappers>
		<mapper resource="EmployeeMapper.xml" />
	</mappers>
</configuration>